-- phpMyAdmin SQL Dump
-- version 5.2.0
-- https://www.phpmyadmin.net/
--
-- Host: 127.0.0.1
-- Generation Time: Dec 21, 2022 at 11:39 PM
-- Server version: 10.4.24-MariaDB
-- PHP Version: 8.1.6

SET SQL_MODE = "NO_AUTO_VALUE_ON_ZERO";
START TRANSACTION;
SET time_zone = "+00:00";


/*!40101 SET @OLD_CHARACTER_SET_CLIENT=@@CHARACTER_SET_CLIENT */;
/*!40101 SET @OLD_CHARACTER_SET_RESULTS=@@CHARACTER_SET_RESULTS */;
/*!40101 SET @OLD_COLLATION_CONNECTION=@@COLLATION_CONNECTION */;
/*!40101 SET NAMES utf8mb4 */;

--
-- Database: `multi_login`
--

-- --------------------------------------------------------

--
-- Table structure for table `conditions`
--

CREATE TABLE `conditions` (
  `conID` varchar(4) DEFAULT NULL,
  `condition` varchar(28) DEFAULT NULL,
  `description` varchar(10) DEFAULT NULL,
  `caretips` varchar(454) DEFAULT NULL
) ENGINE=InnoDB DEFAULT CHARSET=utf8;

--
-- Dumping data for table `conditions`
--

INSERT INTO `conditions` (`conID`, `condition`, `description`, `caretips`) VALUES
('C001', 'Allergies - Flea', '', '• Break the cycle. Wash your bedding, pet\'s bedding and rugs with detergent and warm water. Then, vacuum your carpets, rugs, chair and sofa cushions to remove fleas, flea eggs, and larvae.\n• Ease the itch. Give the pet a bath with cool water to ease the irritation.\n• Avoid irritants. Don’t use flea shampoo or other topical flea products without talking to your pet’s veterinarian first.\n• Stay in touch. Get regular checkups to your pet\'s veterinarian.'),
('C002', 'Allergies - Food', '', '• Avoid table food. The most common allergens are beef, dairy, wheat, egg, chicken, lamb, soy, pork, rabbit, and fish.'),
('C003', 'Anal Sac Disease', '', '• Prevention. Put your dog on a healthy diet and make sure they get plenty of exercise.\n • Contact Vet. The treatment will be given based on the severity of the disease. '),
('C004', 'Bladder Stones', '', '• Check for genitals. Look for redness, swelling, signs of scratching or biting.\n• Water Intake. Keep your dog well-hydrated. If not readily drink water offer them a hig moisture diet (canned food).\n • Don\'t use DIY treatment. Do not give treatment to your dog unless a vet prescribe or consult it.'),
('C005', 'Bone cancer', '', ''),
('C006', 'Bronchitis', '', ''),
('C007', 'Cancer', '', ''),
('C008', 'Canine Herpes - Adult Dogs', '', ''),
('C009', 'Canine Herpes - Puppies', '', ''),
('C010', 'Cushing\'s disease', '', ''),
('C011', 'Deafness', '', ''),
('C012', 'Demodetic mange', '', ''),
('C013', 'Ear infections', '', ''),
('C014', 'Ehrlichiosis', '', ''),
('C015', 'Fecal impaction/constipation', '', ''),
('C016', 'Folliculitis', '', ''),
('C017', 'Hip Dysplasia', '', ''),
('C018', 'incontinence (urinary)', '', ''),
('C019', 'inflammatory bowel disease', '', '');

-- --------------------------------------------------------

--
-- Table structure for table `history`
--

CREATE TABLE `history` (
  `historyID` int(11) NOT NULL,
  `userID` int(11) NOT NULL,
  `dogID` int(11) NOT NULL,
  `sympID` varchar(100) NOT NULL,
  `datetime` datetime NOT NULL DEFAULT current_timestamp()
) ENGINE=InnoDB DEFAULT CHARSET=utf8mb4;

--
-- Dumping data for table `history`
--

INSERT INTO `history` (`historyID`, `userID`, `dogID`, `sympID`, `datetime`) VALUES
(26, 0, 0, 'S004', '2022-12-21 00:00:00'),
(27, 0, 0, 'S004', '2022-12-21 00:00:00'),
(28, 0, 0, 'S004', '2022-12-21 00:00:00'),
(29, 0, 0, 'S004', '2022-12-21 00:00:00'),
(30, 0, 0, 'S004', '2022-12-21 00:00:00'),
(31, 0, 0, 'S004', '2022-12-21 00:00:00'),
(32, 0, 0, 'S004', '2022-12-21 00:00:00'),
(33, 0, 0, 'S004', '2022-12-21 00:00:00'),
(34, 0, 0, 'S004', '2022-12-21 00:00:00'),
(35, 0, 0, 'S004 , S005', '2022-12-21 00:00:00'),
(36, 0, 0, 'S004 , S005', '2022-12-21 00:00:00'),
(37, 0, 0, 'S005', '2022-12-21 00:00:00'),
(38, 0, 0, 'S005', '2022-12-21 00:00:00'),
(39, 0, 0, 'S005', '2022-12-21 00:00:00'),
(40, 0, 0, 'S005', '2022-12-21 00:00:00'),
(41, 0, 0, 'S004', '2022-12-21 00:00:00'),
(42, 0, 0, 'S004', '2022-12-21 00:00:00'),
(43, 0, 0, 'S004', '2022-12-21 00:00:00'),
(44, 0, 0, 'S004 , S005', '2022-12-21 00:00:00'),
(45, 0, 0, 'S004 , S005', '2022-12-21 00:00:00'),
(46, 0, 0, 'S004 , S005', '2022-12-21 00:00:00'),
(47, 0, 0, 'S004', '2022-12-21 00:00:00'),
(48, 0, 0, 'S004 , S005', '2022-12-21 00:00:00'),
(49, 0, 0, 'S005', '2022-12-21 00:00:00'),
(50, 0, 0, 'S004', '2022-12-21 00:00:00'),
(51, 0, 0, 'S004 , S005', '2022-12-21 00:00:00'),
(52, 0, 0, 'S004 , S005', '2022-12-21 00:00:00'),
(53, 0, 0, 'S004 , S005', '2022-12-21 00:00:00'),
(54, 0, 0, 'S004 , S005', '2022-12-21 00:00:00'),
(55, 0, 0, 'S004', '2022-12-21 00:00:00'),
(56, 0, 0, 'S004 , S005', '2022-12-21 00:00:00'),
(57, 0, 0, 'S004 , S005', '2022-12-21 00:00:00'),
(58, 0, 0, 'S004 , S005', '2022-12-21 00:00:00'),
(59, 0, 0, 'S004', '2022-12-21 00:00:00'),
(60, 0, 0, 'S005', '2022-12-21 00:00:00'),
(61, 0, 0, 'S005', '2022-12-21 00:00:00'),
(62, 0, 0, 'S004', '2022-12-21 00:00:00'),
(63, 0, 0, 'S004 , S005', '2022-12-21 00:00:00'),
(64, 0, 0, 'S004', '2022-12-21 00:00:00'),
(65, 0, 0, 'S004', '2022-12-21 00:00:00'),
(66, 0, 0, 'S004 , S005', '2022-12-21 00:00:00'),
(67, 0, 0, 'S004 , S005', '2022-12-21 00:00:00'),
(68, 0, 0, 'S004 , S005', '2022-12-21 00:00:00'),
(69, 0, 0, '', '2022-12-21 00:00:00'),
(70, 0, 0, 'S004 , S005', '2022-12-21 00:00:00'),
(71, 0, 0, 'S004 , S005', '2022-12-21 00:00:00'),
(72, 0, 0, 'S004', '2022-12-21 00:00:00'),
(73, 0, 0, 'S004 , S005', '2022-12-21 00:00:00'),
(74, 0, 0, 'S004 , S005', '2022-12-21 00:00:00'),
(75, 0, 0, 'S004 , S005', '2022-12-21 00:00:00'),
(76, 0, 0, 'S004 , S005', '2022-12-21 00:00:00'),
(77, 0, 0, 'S004', '2022-12-21 00:00:00'),
(78, 0, 0, 'S004 , S005', '2022-12-21 00:00:00'),
(79, 0, 0, 'S004 , S005', '2022-12-21 00:00:00'),
(80, 0, 0, 'S004', '2022-12-21 00:00:00'),
(81, 0, 0, 'S004 , S005', '2022-12-21 00:00:00'),
(82, 0, 0, 'S005', '2022-12-21 00:00:00'),
(83, 0, 0, 'S004 , S005', '2022-12-21 00:00:00'),
(84, 0, 0, 'S004 , S005', '2022-12-21 00:00:00'),
(85, 0, 0, 'S004 , S005', '2022-12-21 00:00:00'),
(86, 0, 0, 'S004 , S005', '2022-12-21 00:00:00'),
(87, 0, 0, 'S004 , S005', '2022-12-21 00:00:00'),
(88, 0, 0, 'S004', '2022-12-21 00:00:00'),
(89, 0, 0, 'S005', '2022-12-21 00:00:00'),
(90, 0, 0, 'Allergies - Food , Canine Herpes - Puppies , inflammatory bowel disease ', '2022-12-21 00:00:00'),
(91, 0, 0, 'S004 , S005', '2022-12-21 00:00:00'),
(92, 0, 0, 'S004 , S005', '2022-12-21 00:00:00'),
(93, 0, 0, 'S004 , Allergies - Food , Canine Herpes - Puppies , inflammatory bowel disease ', '2022-12-21 00:00:00'),
(94, 0, 0, 'S004 , S005', '2022-12-21 00:00:00'),
(95, 0, 0, 'S004', '2022-12-21 00:00:00'),
(96, 0, 0, 'S004 , S005', '2022-12-21 00:00:00'),
(97, 0, 0, '', '2022-12-21 00:00:00'),
(98, 0, 0, '', '2022-12-21 00:00:00'),
(99, 0, 0, 'S004', '2022-12-21 00:00:00'),
(100, 0, 0, 'S004 , S005', '2022-12-21 00:00:00'),
(101, 0, 0, 'S004 , S005', '2022-12-21 00:00:00'),
(102, 0, 0, 'S001 , S002 , S003 , S004 , S005', '2022-12-21 00:00:00'),
(103, 0, 0, 'S001 , S002 , S003 , S004 , S005', '2022-12-21 00:00:00'),
(104, 0, 0, 'S001 , S002 , S003 , S004 , S005', '2022-12-21 00:00:00'),
(105, 0, 0, 'S001 , S002 , S003 , S004 , S005', '2022-12-21 00:00:00'),
(106, 0, 0, 'S001 , S002 , S003 , S004 , S005', '2022-12-21 00:00:00'),
(107, 0, 0, 'S001 , S002 , S003 , S004 , S005', '2022-12-21 00:00:00'),
(108, 0, 0, 'S001 , S002 , S003 , S004 , S005', '2022-12-21 00:00:00'),
(109, 0, 0, 'S001 , S002 , S003 , S004 , S005', '2022-12-21 00:00:00'),
(110, 0, 0, 'S001 , S002 , S003 , S004 , S005', '2022-12-21 00:00:00'),
(111, 0, 0, 'S001 , S002 , S003 , S004 , S005', '2022-12-21 00:00:00'),
(112, 0, 0, 'S001 , S002 , S003 , S004 , S005', '2022-12-21 00:00:00'),
(113, 0, 0, 'S001 , S002 , S003 , S004 , S005', '2022-12-21 00:00:00'),
(114, 0, 0, 'S001 , S002 , S003 , S004 , S005', '2022-12-21 00:00:00'),
(115, 0, 0, 'S001 , S002 , S003 , S004 , S005', '2022-12-21 00:00:00'),
(116, 0, 0, 'S001 , S002 , S003 , S004 , S005', '2022-12-21 00:00:00'),
(117, 0, 0, 'S001 , S002 , S003 , S004 , S005', '2022-12-21 00:00:00'),
(118, 0, 0, 'S001 , S002 , S003 , S004 , S005', '2022-12-21 00:00:00'),
(119, 0, 0, 'S001 , S002 , S003 , S004 , S005', '2022-12-21 00:00:00'),
(120, 0, 0, 'S001 , S002 , S003 , S004 , S005', '2022-12-21 00:00:00'),
(121, 0, 0, 'S001 , S002 , S003 , S004 , S005', '2022-12-21 00:00:00'),
(122, 0, 0, 'S004 , S005', '2022-12-21 00:00:00'),
(123, 0, 0, 'S004 , S005 , Allergies - Food , Canine Herpes - Puppies , inflammatory bowel disease ', '2022-12-21 00:00:00'),
(124, 0, 0, 'S001 , S002 , S003 , S004 , S005', '2022-12-21 00:00:00'),
(125, 0, 0, 'S004 , S005 , S006 , S007', '2022-12-21 00:00:00'),
(126, 0, 0, 'S004 , S005 , S006 , S007', '2022-12-21 00:00:00'),
(127, 0, 0, 'S004 , S005 , S006 , S007', '2022-12-21 00:00:00'),
(128, 0, 0, 'S004 , S005 , S006 , S007', '2022-12-21 00:00:00'),
(129, 0, 0, 'S004 , S005 , S006 , S007 , S008 , S009', '2022-12-21 00:00:00'),
(130, 0, 0, 'S004 , S005 , S006 , S007 , S008', '2022-12-21 00:00:00'),
(131, 0, 0, 'S004 , S005 , S006 , S007 , S008', '2022-12-21 00:00:00'),
(132, 0, 0, 'S004 , S005 , S006 , S007 , S008', '2022-12-21 00:00:00'),
(133, 0, 0, 'S004 , S005 , S006 , S007 , S008', '2022-12-21 00:00:00'),
(134, 0, 0, 'S004 , S005 , S006 , S007 , S008', '2022-12-21 00:00:00'),
(135, 0, 0, 'S004 , S005 , S006 , S007 , S008', '2022-12-21 00:00:00'),
(136, 0, 0, 'S005 , S007 , S009', '2022-12-21 00:00:00'),
(137, 0, 0, 'S004 , S005 , S006 , S007 , S008 , S009', '2022-12-21 00:00:00'),
(138, 0, 0, 'S004', '2022-12-21 00:00:00'),
(139, 0, 0, 'S004', '2022-12-21 00:00:00'),
(140, 0, 0, 'S004', '2022-12-21 00:00:00'),
(141, 0, 0, 'S004', '2022-12-21 00:00:00'),
(142, 0, 0, 'S004', '2022-12-21 00:00:00'),
(143, 0, 0, 'S005', '2022-12-21 00:00:00'),
(144, 0, 0, 'S005', '2022-12-21 00:00:00'),
(145, 0, 0, 'S005', '2022-12-21 00:00:00'),
(146, 0, 0, 'S005', '2022-12-21 00:00:00'),
(147, 0, 0, 'S005', '2022-12-21 00:00:00'),
(148, 0, 0, 'S005', '2022-12-21 00:00:00'),
(149, 0, 0, 'S005', '2022-12-21 00:00:00'),
(150, 0, 0, 'S005', '2022-12-21 00:00:00'),
(151, 0, 0, 'S001 , S002 , S003 , S004 , S005', '2022-12-21 00:00:00'),
(152, 0, 0, 'S001 , S002 , S003 , S004 , S005', '2022-12-21 00:00:00'),
(153, 0, 0, 'S001 , S002 , S003 , S004 , S005', '2022-12-21 00:00:00'),
(154, 0, 0, 'S001 , S002 , S003 , S004 , S005', '2022-12-21 00:00:00'),
(155, 0, 0, 'S001 , S002 , S003 , S004 , S005', '2022-12-21 00:00:00'),
(156, 0, 0, 'S004 , S005', '2022-12-21 00:00:00'),
(157, 0, 0, 'S001 , S002 , S003 , S004 , S005', '2022-12-21 00:00:00'),
(158, 0, 0, 'S004 , S005', '2022-12-21 00:00:00'),
(159, 0, 0, 'S001 , S002 , S003 , S004 , S005', '2022-12-21 00:00:00'),
(160, 0, 0, 'S001 , S002 , S003 , S004 , S005', '2022-12-21 00:00:00'),
(161, 0, 0, 'S001 , S002 , S003 , S004 , S005', '2022-12-21 00:00:00'),
(162, 0, 0, 'S001 , S002 , S003 , S004 , S005', '2022-12-21 00:00:00'),
(163, 0, 0, 'S001 , S002 , S003 , S004 , S005', '2022-12-21 00:00:00'),
(164, 0, 0, 'S001 , S002 , S003 , S004 , S005', '2022-12-21 00:00:00'),
(165, 0, 0, 'S001 , S002 , S003 , S004 , S005', '2022-12-21 00:00:00'),
(166, 0, 0, 'S001 , S002 , S003 , S004 , S005', '2022-12-21 00:00:00'),
(167, 0, 0, 'S001 , S002 , S003 , S004 , S005', '2022-12-21 00:00:00'),
(168, 0, 0, 'S001 , S002 , S003 , S004 , S005', '2022-12-21 00:00:00'),
(169, 0, 0, 'S001 , S002 , S003 , S004 , S005', '2022-12-21 00:00:00'),
(170, 0, 0, 'S001 , S002 , S003 , S004 , S005', '2022-12-21 00:00:00'),
(171, 0, 0, 'S001 , S002 , S003 , S004 , S005', '2022-12-21 00:00:00'),
(172, 0, 0, 'S001 , S002 , S003 , S004 , S005', '2022-12-21 00:00:00'),
(173, 0, 0, 'S001 , S002 , S003 , S004 , S005', '2022-12-21 00:00:00'),
(174, 0, 0, 'S001 , S002 , S003 , S004 , S005', '2022-12-21 00:00:00'),
(175, 0, 0, 'S001 , S002 , S003 , S004 , S005', '2022-12-21 00:00:00'),
(176, 0, 0, 'S001 , S002 , S003 , S004 , S005', '2022-12-21 00:00:00'),
(177, 0, 0, 'S001 , S002 , S003 , S004 , S005', '2022-12-21 00:00:00'),
(178, 0, 0, 'S001 , S002 , S003 , S004 , S005', '2022-12-21 00:00:00'),
(179, 0, 0, 'S001 , S002 , S003 , S004 , S005', '2022-12-21 00:00:00'),
(180, 0, 0, 'S001 , S002 , S003 , S004 , S005', '2022-12-21 00:00:00'),
(181, 0, 0, 'S001 , S002 , S003 , S004 , S005', '2022-12-21 00:00:00'),
(182, 0, 0, 'S001 , S002 , S003 , S004 , S005', '2022-12-21 00:00:00'),
(183, 0, 0, 'S001 , S002 , S003 , S004 , S005', '2022-12-21 00:00:00'),
(184, 0, 0, 'S001 , S002 , S003 , S004 , S005', '2022-12-21 00:00:00'),
(185, 0, 0, 'S001 , S002 , S003 , S004 , S005', '2022-12-21 00:00:00'),
(186, 0, 0, 'S001 , S002 , S003 , S004 , S005', '2022-12-21 00:00:00'),
(187, 0, 0, 'S001 , S002 , S003 , S004 , S005', '2022-12-21 00:00:00'),
(188, 0, 0, 'S001 , S002 , S003 , S004 , S005', '2022-12-21 00:00:00'),
(189, 0, 0, 'S001 , S002 , S003 , S004 , S005', '2022-12-21 00:00:00'),
(190, 0, 0, 'S001 , S002 , S003 , S004 , S005', '2022-12-21 00:00:00'),
(191, 0, 0, 'S001 , S002 , S003 , S004 , S005', '2022-12-21 00:00:00'),
(192, 0, 0, 'S001 , S002 , S003 , S004 , S005', '2022-12-21 00:00:00'),
(193, 0, 0, 'S001 , S002 , S003 , S004 , S005', '2022-12-21 00:00:00'),
(194, 0, 0, 'S001 , S002 , S003 , S004 , S005', '2022-12-21 00:00:00'),
(195, 0, 0, 'S001 , S002 , S003 , S004 , S005', '2022-12-21 00:00:00'),
(196, 0, 0, 'S001 , S002 , S003 , S004 , S005', '2022-12-21 00:00:00'),
(197, 0, 0, 'S001 , S002 , S003 , S004 , S005', '2022-12-21 00:00:00'),
(198, 0, 0, 'S001 , S002 , S003 , S004 , S005', '2022-12-21 00:00:00'),
(199, 0, 0, 'S001 , S002 , S003 , S004 , S005', '2022-12-21 00:00:00'),
(200, 0, 0, 'S001 , S002 , S003 , S004 , S005', '2022-12-21 00:00:00'),
(201, 0, 0, 'S001 , S002 , S003 , S004 , S005', '2022-12-21 00:00:00'),
(202, 0, 0, 'S001 , S002 , S003 , S004 , S005', '2022-12-21 00:00:00'),
(203, 0, 0, 'S001 , S002 , S003 , S004 , S005', '2022-12-21 00:00:00'),
(204, 0, 0, 'S001 , S002 , S003 , S004 , S005', '2022-12-21 00:00:00'),
(205, 0, 0, 'S001 , S002 , S003 , S004 , S005', '2022-12-21 00:00:00'),
(206, 0, 0, 'S001 , S002 , S003 , S004 , S005', '2022-12-21 00:00:00'),
(207, 0, 0, 'S001 , S002 , S003 , S004 , S005', '2022-12-21 00:00:00'),
(208, 0, 0, 'S001 , S002 , S003 , S004 , S005', '2022-12-21 00:00:00'),
(209, 0, 0, 'S001 , S002 , S003 , S004 , S005', '2022-12-21 00:00:00'),
(210, 0, 0, 'S001 , S002 , S003 , S004 , S005', '2022-12-21 00:00:00'),
(211, 0, 0, 'S001 , S002 , S003 , S004 , S005', '2022-12-21 00:00:00'),
(212, 0, 0, 'S001 , S002 , S003 , S004 , S005', '2022-12-21 00:00:00'),
(213, 0, 0, 'S001 , S002 , S003 , S004 , S005', '2022-12-21 00:00:00'),
(214, 0, 0, 'S001 , S002 , S003 , S004 , S005', '2022-12-21 00:00:00'),
(215, 0, 0, 'S001 , S002 , S003 , S004 , S005', '2022-12-21 00:00:00'),
(216, 0, 0, 'S001 , S002 , S003 , S004 , S005', '2022-12-21 00:00:00'),
(217, 0, 0, 'S001 , S002 , S003 , S004 , S005', '2022-12-21 00:00:00'),
(218, 0, 0, 'S001 , S002 , S003 , S004 , S005', '2022-12-21 00:00:00'),
(219, 0, 0, 'S001 , S002 , S003 , S004 , S005', '2022-12-21 00:00:00'),
(220, 0, 0, 'S001 , S002 , S003 , S004 , S005', '2022-12-21 00:00:00'),
(221, 0, 0, 'S001 , S002 , S003 , S004 , S005', '2022-12-21 00:00:00'),
(222, 0, 0, 'S001 , S002 , S003 , S004 , S005', '2022-12-21 00:00:00'),
(223, 0, 0, 'S001 , S002 , S003 , S004 , S005', '2022-12-21 00:00:00'),
(224, 0, 0, 'S001 , S002 , S003 , S004 , S005', '2022-12-21 00:00:00'),
(225, 0, 0, 'S001 , S002 , SOO3 , S004', '2022-12-21 00:00:00'),
(226, 0, 0, 'S001 , S002 , SOO3 , S004', '2022-12-21 00:00:00'),
(227, 0, 0, 'S001 , S002 , SOO3 , S004', '2022-12-21 00:00:00'),
(228, 0, 0, 'S001 , S002 , SOO3 , S004', '2022-12-21 00:00:00'),
(229, 0, 0, 'S001 , S002 , SOO3 , S004', '2022-12-21 00:00:00'),
(230, 0, 0, 'S005 , S006', '2022-12-21 00:00:00'),
(231, 0, 0, 'S005 , S006 , S007', '2022-12-21 00:00:00'),
(232, 0, 0, 'S001 , S002 , S004', '2022-12-21 00:00:00'),
(233, 0, 0, 'S001 , S002 , S004', '2022-12-21 00:00:00'),
(234, 0, 0, '', '2022-12-21 00:00:00'),
(235, 18, 40, 'S001 , S002', '2022-12-22 02:02:55'),
(237, 18, 40, 'S001 , S002 , SOO3', '2022-12-22 02:03:00'),
(238, 18, 40, 'S001 , S003 , S004 , S005', '2022-12-22 02:21:23'),
(239, 18, 0, '', '2022-12-22 03:19:32'),
(240, 18, 0, '', '2022-12-22 03:22:00'),
(241, 18, 0, '', '2022-12-22 03:22:02'),
(242, 18, 0, '', '2022-12-22 03:22:46'),
(243, 18, 0, '', '2022-12-22 03:22:47'),
(244, 18, 0, '', '2022-12-22 03:22:48'),
(245, 18, 0, '', '2022-12-22 03:22:50'),
(246, 18, 0, '', '2022-12-22 03:23:14'),
(247, 18, 0, '', '2022-12-22 03:23:16'),
(248, 18, 0, '', '2022-12-22 03:23:23'),
(249, 18, 0, '', '2022-12-22 03:23:29'),
(250, 18, 0, '', '2022-12-22 03:23:44'),
(251, 18, 0, '', '2022-12-22 03:24:03'),
(252, 18, 40, 'S001 , S002', '2022-12-22 04:12:44'),
(253, 18, 40, 'S001 , S003', '2022-12-22 04:12:57'),
(254, 18, 40, '', '2022-12-22 04:12:57'),
(255, 18, 40, '', '2022-12-22 04:14:16'),
(256, 18, 40, '', '2022-12-22 04:15:00'),
(257, 18, 40, '', '2022-12-22 04:16:22'),
(258, 18, 40, '', '2022-12-22 04:16:40'),
(259, 18, 40, 'S001 , S002', '2022-12-22 04:16:52'),
(260, 18, 40, 'S001 , S002', '2022-12-22 04:26:16'),
(261, 18, 40, 'S001 , S002 , S003', '2022-12-22 04:27:10'),
(262, 18, 40, 'S001 , S002 , S003', '2022-12-22 04:31:21'),
(263, 0, 0, 'S001 , S002 , S003 , S004 , S005', '2022-12-22 04:34:00'),
(264, 0, 0, 'S001 , S002 , S003 , S004 , S005', '2022-12-22 04:34:39'),
(265, 0, 0, 'S001 , S002 , S003 , S004 , S005', '2022-12-22 04:34:41'),
(266, 0, 0, 'S001 , S002 , S003 , S004 , S005', '2022-12-22 04:34:42'),
(267, 0, 0, 'S001 , S002 , S003 , S004 , S005', '2022-12-22 04:34:43'),
(268, 0, 0, 'S001 , S002 , S003 , S004 , S005', '2022-12-22 04:34:44'),
(269, 0, 0, 'S001 , S002 , S003 , S004 , S005', '2022-12-22 04:35:09'),
(270, 0, 0, 'S001 , S002 , S003 , S004 , S005', '2022-12-22 04:35:45'),
(271, 0, 0, 'S001 , S002 , S003 , S004 , S005', '2022-12-22 04:35:46'),
(272, 0, 0, 'S001 , S002 , S003 , S004 , S005', '2022-12-22 04:35:46'),
(273, 0, 0, 'S001 , S002 , S003 , S004 , S005', '2022-12-22 04:39:27'),
(274, 0, 0, 'S001 , S002 , S003 , S004 , S005', '2022-12-22 04:39:43'),
(275, 0, 0, 'S001 , S002 , S003 , S004 , S005', '2022-12-22 04:39:56'),
(276, 0, 0, 'S001 , S002 , S003 , S004 , S005', '2022-12-22 04:40:23'),
(277, 0, 0, 'S001 , S002 , S003 , S004 , S005', '2022-12-22 04:42:07'),
(278, 0, 0, 'S001 , S002 , S003 , S004 , S005', '2022-12-22 04:55:19'),
(279, 0, 0, 'S001 , S002 , S003 , S004 , S005', '2022-12-22 04:56:53'),
(280, 0, 0, 'S001 , S002 , S003 , S004 , S005', '2022-12-22 05:00:38'),
(281, 0, 0, 'S001 , S002 , S003 , S004 , S005', '2022-12-22 05:00:39'),
(282, 0, 0, 'S001 , S002 , S003 , S004 , S005', '2022-12-22 05:00:40'),
(283, 0, 0, 'S001 , S002 , S003 , S004 , S005', '2022-12-22 05:00:41'),
(284, 0, 0, 'S001 , S002 , S003 , S004 , S005', '2022-12-22 05:02:05'),
(285, 18, 40, 'S001 , S002', '2022-12-22 05:04:45'),
(286, 18, 40, 'S001', '2022-12-22 05:07:02'),
(287, 18, 40, 'S001', '2022-12-22 05:07:31'),
(288, 18, 40, 'S001 , S002', '2022-12-22 05:08:06'),
(289, 18, 40, 'S001 , S002', '2022-12-22 05:08:27'),
(290, 18, 40, 'S001 , S002', '2022-12-22 05:09:09'),
(291, 18, 40, 'S001 , S002', '2022-12-22 05:09:39'),
(292, 18, 40, 'S001 , S002', '2022-12-22 05:19:08'),
(293, 18, 40, 'S001 , S002', '2022-12-22 05:20:00'),
(294, 18, 40, 'S001 , S002', '2022-12-22 05:20:07'),
(295, 18, 40, 'S001', '2022-12-22 05:31:40'),
(296, 18, 40, 'S001', '2022-12-22 05:31:52'),
(297, 18, 40, 'S001 , S002', '2022-12-22 05:33:00'),
(298, 18, 40, 'S001 , S004 , S005', '2022-12-22 05:33:15'),
(299, 18, 40, 'S001 , S004 , S005', '2022-12-22 05:34:27'),
(300, 18, 40, 'S001 , S004 , S005', '2022-12-22 05:34:58'),
(301, 18, 40, 'S001 , S004 , S005', '2022-12-22 05:35:11'),
(302, 18, 40, 'S001 , S004 , S005', '2022-12-22 05:35:53'),
(303, 18, 40, 'S001 , S004 , S005', '2022-12-22 05:37:02'),
(304, 18, 40, 'S001 , S004 , S005', '2022-12-22 05:37:12'),
(305, 18, 40, 'S001 , S004 , S005', '2022-12-22 05:39:09'),
(306, 18, 40, 'S001 , S004 , S005', '2022-12-22 05:39:23'),
(307, 18, 40, 'S001 , S004 , S005', '2022-12-22 05:39:31'),
(308, 18, 40, 'S001 , S004 , S005', '2022-12-22 05:39:44'),
(309, 18, 40, 'S001 , S004 , S005', '2022-12-22 05:40:31'),
(310, 18, 40, 'S001 , S004 , S005', '2022-12-22 05:43:22'),
(311, 18, 40, 'S001 , S004 , S005', '2022-12-22 05:43:55'),
(312, 18, 40, 'S001 , S004 , S005', '2022-12-22 05:44:17'),
(313, 18, 40, 'S001 , S004 , S005', '2022-12-22 05:44:37'),
(314, 18, 40, 'S001 , S004 , S005', '2022-12-22 05:45:27'),
(315, 18, 40, 'S001 , S004 , S005', '2022-12-22 05:46:19'),
(316, 18, 40, 'S001 , S004 , S005', '2022-12-22 05:47:02'),
(317, 18, 40, 'S001 , S004 , S005', '2022-12-22 05:47:34'),
(318, 18, 40, 'S001 , S004 , S005', '2022-12-22 05:59:47'),
(319, 18, 40, 'S001 , S004 , S005', '2022-12-22 06:00:27'),
(320, 18, 40, 'S001 , S004 , S005', '2022-12-22 06:00:37'),
(321, 18, 40, 'S001 , S004 , S005', '2022-12-22 06:00:48'),
(322, 18, 40, 'S001 , S004 , S005', '2022-12-22 06:01:16'),
(323, 18, 40, 'S001 , S004 , S005', '2022-12-22 06:01:57'),
(324, 18, 40, 'S001 , S004 , S005', '2022-12-22 06:02:16'),
(325, 18, 40, 'S001 , S004 , S005', '2022-12-22 06:02:24'),
(326, 18, 40, 'S001 , S004 , S005', '2022-12-22 06:02:33'),
(327, 18, 40, 'S001 , S004 , S005', '2022-12-22 06:02:45'),
(328, 18, 40, 'S001 , S004 , S005', '2022-12-22 06:03:25'),
(329, 18, 40, 'S001 , S004 , S005', '2022-12-22 06:03:46'),
(330, 18, 40, 'S001 , S004 , S005', '2022-12-22 06:04:18'),
(331, 18, 40, 'S001 , S004 , S005', '2022-12-22 06:04:35'),
(332, 18, 40, 'S001 , S004 , S005', '2022-12-22 06:05:03'),
(333, 18, 40, 'S001 , S004 , S005', '2022-12-22 06:05:27'),
(334, 18, 40, 'S001 , S004 , S005', '2022-12-22 06:05:39'),
(335, 18, 40, 'S001 , S004 , S005', '2022-12-22 06:05:48'),
(336, 18, 40, 'S001 , S004 , S005', '2022-12-22 06:06:31'),
(337, 18, 40, 'S001 , S004 , S005', '2022-12-22 06:10:27'),
(338, 18, 40, 'S001 , S004 , S005', '2022-12-22 06:14:06'),
(339, 18, 40, 'S001 , S004 , S005', '2022-12-22 06:14:32'),
(340, 18, 40, 'S001 , S004 , S005', '2022-12-22 06:15:31'),
(341, 18, 40, 'S001 , S004 , S005', '2022-12-22 06:15:54');

-- --------------------------------------------------------

--
-- Table structure for table `pet`
--

CREATE TABLE `pet` (
  `petID` int(6) NOT NULL,
  `dogImage` varchar(100) NOT NULL,
  `dogName` varchar(20) DEFAULT NULL,
  `gender` varchar(10) DEFAULT NULL,
  `birthDate` varchar(10) DEFAULT NULL,
  `breed` varchar(16) DEFAULT NULL,
  `userID` varchar(7) NOT NULL
) ENGINE=InnoDB DEFAULT CHARSET=utf8;

--
-- Dumping data for table `pet`
--

INSERT INTO `pet` (`petID`, `dogImage`, `dogName`, `gender`, `birthDate`, `breed`, `userID`) VALUES
(3, 'd41d8cd98f00b204e9800998ecf8427e1671630917.jpg', 'ash', 'F', '06/18/2018', 'Poodle', '2'),
(4, '', 'oreo', 'M', '8/11/2017', 'Chihuahua', '2'),
(5, '', 'layla', 'F', '06/13/2020', 'Corgi', '2'),
(6, '', 'scout', 'M', '05/31/2022', 'German Shepherd', '3'),
(7, '', 'cora', 'F', '11/11/2021', 'Aspin', '3'),
(8, '', 'coco', 'M', '10/27/2021', 'Pitbull', '4'),
(9, '', 'kit', 'F', '12/25/2019', 'Pug', '4'),
(10, '', 'gus', 'M', '05/31/2016', 'Great Dane', '4'),
(11, '', 'cece', 'F', '08/16/2022', 'American Bully', '5'),
(12, '', 'tank', 'M', '07/22/2016', 'Shih Tzu', '5'),
(13, '', 'lila', 'F', '06/18/2022', 'Pomerainian', '6'),
(14, '', 'atlas', 'M', '01/14/2013', 'Labrador', '6'),
(15, '', 'flo', 'F', '02/28/2022', 'Dachshund', '6'),
(16, '', 'cody', 'M', '4/4/2012', 'Golden Retriever', '6'),
(17, 'boxer.jpg', 'Bruno', 'Mal', '2022-12-17', 'Pitbull', ''),
(18, 'boxer.jpg', 'butchoy', 'Mal', '2022-12-05', 'Pitbull', ''),
(19, 'chihuahua.jpg', 'chichi', 'Mal', '2022-12-04', 'Pitbull', ''),
(34, 'collie(1).jpg', 'Chuchay', 'Mal', '2022-12-04', 'Pitbull', ''),
(35, 'corgi.JPG', 'corga', 'Mal', '2022-12-09', 'Pitbull', ''),
(36, '', 'butchoy', 'Mal', '2022-12-06', 'Pitbull', ''),
(37, 'd41d8cd98f00b204e9800998ecf8427e1671632191.jpg', 'Christia', 'Mal', '2022-12-06', 'Pitbull', '17'),
(38, 'd41d8cd98f00b204e9800998ecf8427e1671632760.jpg', 'Bruno', 'Male', '2022-12-20', 'Pitbull', ''),
(39, 'd41d8cd98f00b204e9800998ecf8427e1671632868.jpg', 'Bruno', 'Male', '2022-12-19', 'Pitbull', ''),
(40, 'd41d8cd98f00b204e9800998ecf8427e1671632926.jpg', 'Bruno', 'Male', '2022-12-18', 'Pitbull', '18');

-- --------------------------------------------------------

--
-- Table structure for table `symptoms`
--

CREATE TABLE `symptoms` (
  `sympID` varchar(4) DEFAULT NULL,
  `symptom` varchar(34) DEFAULT NULL
) ENGINE=InnoDB DEFAULT CHARSET=utf8;

--
-- Dumping data for table `symptoms`
--

INSERT INTO `symptoms` (`sympID`, `symptom`) VALUES
('S001', 'Abdominal bloating'),
('S002', 'Abortion'),
('S003', 'anemia'),
('S004', 'Bad smell'),
('S005', 'Biting their rear end'),
('S006', 'bleeding'),
('S007', 'bloody stool'),
('S008', 'bumps'),
('S009', 'change in appetite'),
('S010', 'Cold body temperature'),
('S011', 'Coughing'),
('S012', 'crusts'),
('S013', 'Crying'),
('S014', 'Diarrhea'),
('S015', 'difficult defecation'),
('S016', 'Difficulty breathing'),
('S017', 'dripping urine'),
('S018', 'ear discharge'),
('S019', 'Ear Inflammation'),
('S020', 'ear odor'),
('S021', 'exposured to loud noise'),
('S022', 'Eye discharge'),
('S023', 'Eye swelling'),
('S024', 'Fever'),
('S025', 'Flea Dirt'),
('S026', 'Flea Eggs'),
('S027', 'fragile skin'),
('S028', 'Gagging'),
('S029', 'Genital sores'),
('S030', 'Gray or yellow soft stool'),
('S031', 'hair loss'),
('S032', 'head shaking'),
('S033', 'increase hunger'),
('S034', 'increase thirst'),
('S035', 'Inflamed penis foreskin'),
('S036', 'Itching'),
('S037', 'lack of balance'),
('S038', 'lack of defecation'),
('S039', 'lameness'),
('S040', 'Less nursing'),
('S041', 'Licking'),
('S042', 'Loss in thigh muscle mass'),
('S043', 'Loss of appetite'),
('S044', 'Loss of consciouness'),
('S045', 'mucus with stool'),
('S046', 'Nasal discharge'),
('S047', 'pain to the touch'),
('S048', 'Pain when pooping'),
('S049', 'Pale Gums'),
('S050', 'papules'),
('S051', 'pebble-like stool'),
('S052', 'Peeing more often'),
('S053', 'Red speckles on the skin'),
('S054', 'redness of ear canal'),
('S055', 'Reduced activity'),
('S056', 'Reluctance to get up'),
('S057', 'repeated injury in ears'),
('S058', 'scaling skin'),
('S059', 'Scooting'),
('S060', 'Seizures'),
('S061', 'Shaking Head'),
('S062', 'Shoulder muscle growth'),
('S063', 'Skin Infections'),
('S064', 'skin redness'),
('S065', 'Sneezing'),
('S066', 'Stiffness in back legs'),
('S067', 'Stillbirth'),
('S068', 'Straining'),
('S069', 'swelling'),
('S070', 'swollen lymph nodes'),
('S071', 'TapeWorms'),
('S072', 'untreated ear infections'),
('S073', 'unusual eye movements'),
('S074', 'unusual odor'),
('S075', 'Urine with blood or mucus'),
('S076', 'Vaginal discharge'),
('S077', 'Visible fleas'),
('S078', 'Vocalizing while trying to urinate'),
('S079', 'vommiting'),
('S080', 'weight loss'),
('S081', 'Wheezing'),
('S082', 'wound doesnt heal');

-- --------------------------------------------------------

--
-- Table structure for table `sympxcond`
--

CREATE TABLE `sympxcond` (
  `sympID` varchar(4) DEFAULT NULL,
  `conID` varchar(5) DEFAULT NULL
) ENGINE=InnoDB DEFAULT CHARSET=utf8;

--
-- Dumping data for table `sympxcond`
--

INSERT INTO `sympxcond` (`sympID`, `conID`) VALUES
('S001', 'C009'),
('S001', 'C010'),
('S002', 'C008'),
('S003', 'C014'),
('S004', 'C003'),
('S005', 'C003'),
('S006', 'C007'),
('S006', 'C014'),
('S007', 'C015'),
('S008', 'C007'),
('S009', 'C019'),
('S010', 'C009'),
('S011', 'C005'),
('S011', 'C006'),
('S011', 'C008'),
('S011', 'C009'),
('S012', 'C016'),
('S013', 'C009'),
('S014', 'C002'),
('S014', 'C009'),
('S014', 'C019'),
('S015', 'C015'),
('S016', 'C006'),
('S016', 'C010'),
('S016', 'C009'),
('S016', 'C014'),
('S017', 'C018'),
('S018', 'C013'),
('S019', 'C002 '),
('S020', 'C013'),
('S021', 'C011'),
('S022', 'C008'),
('S022', 'C009'),
('S023', 'C008'),
('S023', 'C009'),
('S024', 'C005'),
('S024', 'C014'),
('S025', 'C001'),
('S026', 'C001'),
('S027', 'C010'),
('S028', 'C006 '),
('S029', 'C008'),
('S030', 'C009'),
('S031', 'C010'),
('S031', 'C016'),
('S031', 'C001'),
('S031', 'C012'),
('S032', 'C013'),
('S033', 'C010'),
('S034', 'C010'),
('S035', 'C008'),
('S036', 'C001'),
('S036', 'C002'),
('S036', 'C013'),
('S036', 'C016'),
('S037', 'C013'),
('S037', 'C014'),
('S038', 'C015'),
('S039', 'C007'),
('S039', 'C014'),
('S039', 'C019'),
('S039', 'C010'),
('S039', 'C009'),
('S040', 'C009'),
('S041', 'C002'),
('S041', 'C003'),
('S041', 'C018'),
('S042', 'C017'),
('S043', 'C005'),
('S044', 'C006'),
('S045', 'C015'),
('S046', 'C008'),
('S046', 'C009'),
('S046', 'C005'),
('S047', 'C004 '),
('S047', 'C016'),
('S048', 'C003'),
('S048', 'C015'),
('S049', 'C001'),
('S050', 'C016'),
('S051', 'C015'),
('S052', 'C004'),
('S052', 'C015'),
('S053', 'C009'),
('S054', 'C013'),
('S055', 'C017'),
('S056', 'C017'),
('S057', 'C011'),
('S058', 'C012'),
('S059', 'C003'),
('S060', 'C009'),
('S061', 'C002'),
('S062', 'C017'),
('S063', 'C010'),
('S064', 'C001'),
('S064', 'C009'),
('S064', 'C012'),
('S064', 'C018'),
('S065', 'C008'),
('S065', 'C005'),
('S066', 'C017'),
('S067', 'C008'),
('S068', 'C004'),
('S068', 'C015'),
('S069', 'C012'),
('S069', 'C013'),
('S070', 'C007'),
('S070', 'C014'),
('S071', 'C001'),
('S072', 'C011'),
('S073', 'C013'),
('S074', 'C016'),
('S075', 'C004 '),
('S076', 'C008'),
('S077', 'C001'),
('S078', 'C004'),
('S079', 'C006'),
('S079', 'C019'),
('S080', 'C014'),
('S080', 'C019'),
('S081', 'C006'),
('S082', 'C007');

-- --------------------------------------------------------

--
-- Table structure for table `users`
--

CREATE TABLE `users` (
  `id` int(11) NOT NULL,
  `username` varchar(100) NOT NULL,
  `fullname` varchar(50) NOT NULL,
  `mobile` int(11) NOT NULL,
  `email` varchar(100) NOT NULL,
  `address` varchar(100) NOT NULL,
  `user_type` varchar(100) NOT NULL,
  `password` varchar(100) NOT NULL
) ENGINE=InnoDB DEFAULT CHARSET=latin1;

--
-- Dumping data for table `users`
--

INSERT INTO `users` (`id`, `username`, `fullname`, `mobile`, `email`, `address`, `user_type`, `password`) VALUES
(2, 'Madrid', '', 0, 'Madrid@gmail.com', '', 'admin', '9b4df6a59bcd90259b50cd5ab67a14fe'),
(4, 'jen', '', 0, 'jen@gmail.com', '', 'user', '224d6e39083c56e4a15ad9eb89be21d9'),
(5, 'nor', '', 0, 'nor@gmail.com', '', 'user', 'b721b7543d80da67864fab85217def8a'),
(6, 'aly', '', 0, 'aly@gmail.com', '', 'user', '0fe314294255b3b2f965d5ecba35007d'),
(7, 'AlfBrook', '', 0, 'ab@email.com', '', 'user', 'a722c63db8ec8625af6cf71cb8c2d939'),
(8, 'PaulinaTurner', '', 0, 'pt@email.com', '', 'user', 'c1572d05424d0ecb2a65ec6a82aeacbf'),
(9, 'EliseMallory', '', 0, 'em@gmail.com', '', 'user', 'fc2921d9057ac44e549efaf0048b2512'),
(10, 'PearlieBush', '', 0, 'pb@gmail.com', '', 'user', 'd35f6fa9a79434bcd17f8049714ebfcb'),
(11, 'CyranoChristian', '', 0, 'cc@gmail.com', '', 'user', 'e9568c9ea43ab05188410a7cf85f9f5e'),
(12, 'LorayneOutlaw', '', 0, 'lo@gmail.com', '', 'user', '8c96c3884a827355aed2c0f744594a52'),
(13, 'AlexThorton', '', 0, 'at@gmail.com', '', 'user', 'ccd3cd18225730c5edfc69f964b9d7b3'),
(14, 'JoyeKinsey', '', 0, 'jk@gmail.com', '', 'user', 'c28cce9cbd2daf76f10eb54478bb0454'),
(15, 'ValorieStoddard', '', 0, 'vs@gmail.com', '', 'user', 'a3224611fd03510682690769d0195d66'),
(16, 'OliveLindsay', '', 0, 'ol@gmail.com', '', 'user', '0102812fbd5f73aa18aa0bae2cd8f79f'),
(17, 'Nora', 'Nora Aunor', 2147483647, 'noraaunor@gmail.com', 'Bacolod City', 'user', '75412a4579fdb233009dfa8a69335600'),
(18, 'nbc', 'Neil Bryan', 906072189, 'neilbryan@gmail.com', 'Leon, Iloilo', 'user', '81dc9bdb52d04dc20036dbd8313ed055'),
(19, 'mun', 'Reymund', 2147483647, 'mund@gmail.com', 'Bacolod CIty', 'user', '81dc9bdb52d04dc20036dbd8313ed055');

--
-- Indexes for dumped tables
--

--
-- Indexes for table `history`
--
ALTER TABLE `history`
  ADD PRIMARY KEY (`historyID`);

--
-- Indexes for table `pet`
--
ALTER TABLE `pet`
  ADD PRIMARY KEY (`petID`);

--
-- Indexes for table `users`
--
ALTER TABLE `users`
  ADD PRIMARY KEY (`id`);

--
-- AUTO_INCREMENT for dumped tables
--

--
-- AUTO_INCREMENT for table `history`
--
ALTER TABLE `history`
  MODIFY `historyID` int(11) NOT NULL AUTO_INCREMENT, AUTO_INCREMENT=342;

--
-- AUTO_INCREMENT for table `pet`
--
ALTER TABLE `pet`
  MODIFY `petID` int(6) NOT NULL AUTO_INCREMENT, AUTO_INCREMENT=41;

--
-- AUTO_INCREMENT for table `users`
--
ALTER TABLE `users`
  MODIFY `id` int(11) NOT NULL AUTO_INCREMENT, AUTO_INCREMENT=20;
COMMIT;

/*!40101 SET CHARACTER_SET_CLIENT=@OLD_CHARACTER_SET_CLIENT */;
/*!40101 SET CHARACTER_SET_RESULTS=@OLD_CHARACTER_SET_RESULTS */;
/*!40101 SET COLLATION_CONNECTION=@OLD_COLLATION_CONNECTION */;
